biosample_id	analysis_id	individual_id	platform_id	platform_label	analysis_operation_id	analysis_operation_label
pgxbs-kftvgif9	pgxcsfs-kftvgif9	pgxind-kftx28eq	NCIT:C16437	Chromosome Banding	NCIT:C16437	Chromosome Banding
pgxbs-kftvgifa	pgxcsfs-kftvgifa	pgxind-kftx28es	NCIT:C16437	Chromosome Banding	NCIT:C16437	Chromosome Banding
pgxbs-kftvgifc	pgxcsfs-kftvgifc	pgxind-kftx28eu	NCIT:C16437	Chromosome Banding	NCIT:C16437	Chromosome Banding
pgxbs-kftvgif0	pgxcsfs-kftvgif0	pgxind-kftx28eh	NCIT:C16437	Chromosome Banding	NCIT:C16437	Chromosome Banding
pgxbs-kftvgig1	pgxcsfs-kftvgig1	pgxind-kftx28fo	NCIT:C16437	Chromosome Banding	NCIT:C16437	Chromosome Banding
pgxbs-kftvgig4	pgxcsfs-kftvgig4	pgxind-kftx28fs	NCIT:C16437	Chromosome Banding	NCIT:C16437	Chromosome Banding
pgxbs-kftvgig7	pgxcsfs-kftvgig7	pgxind-kftx28fw	NCIT:C16437	Chromosome Banding	NCIT:C16437	Chromosome Banding
pgxbs-kftvgigb	pgxcsfs-kftvgigb	pgxind-kftx28g0	NCIT:C16437	Chromosome Banding	NCIT:C16437	Chromosome Banding
pgxbs-kftvgicz	pgxcsfs-kftvgicz	pgxind-kftx28c1	NCIT:C16437	Chromosome Banding	NCIT:C16437	Chromosome Banding
pgxbs-kftvgicw	pgxcsfs-kftvgicw	pgxind-kftx28bx	NCIT:C16437	Chromosome Banding	NCIT:C16437	Chromosome Banding
pgxbs-kftvgid1	pgxcsfs-kftvgid1	pgxind-kftx28c3	NCIT:C16437	Chromosome Banding	NCIT:C16437	Chromosome Banding
pgxbs-kftvgid5	pgxcsfs-kftvgid5	pgxind-kftx28c7	NCIT:C16437	Chromosome Banding	NCIT:C16437	Chromosome Banding
pgxbs-kftvgicy	pgxcsfs-kftvgicy	pgxind-kftx28bz	NCIT:C16437	Chromosome Banding	NCIT:C16437	Chromosome Banding
pgxbs-kftvgicn	pgxcsfs-kftvgicn	pgxind-kftx28bl	NCIT:C16437	Chromosome Banding	NCIT:C16437	Chromosome Banding
pgxbs-kftvgicl	pgxcsfs-kftvgicl	pgxind-kftx28bj	NCIT:C16437	Chromosome Banding	NCIT:C16437	Chromosome Banding
pgxbs-kftvgicb	pgxcsfs-kftvgicb	pgxind-kftx28b8	NCIT:C16437	Chromosome Banding	NCIT:C16437	Chromosome Banding
pgxbs-kftvgicd	pgxcsfs-kftvgicd	pgxind-kftx28ba	NCIT:C16437	Chromosome Banding	NCIT:C16437	Chromosome Banding
pgxbs-kftvgict	pgxcsfs-kftvgict	pgxind-kftx28bu	NCIT:C16437	Chromosome Banding	NCIT:C16437	Chromosome Banding
pgxbs-kftvgicv	pgxcsfs-kftvgicv	pgxind-kftx28bv	NCIT:C16437	Chromosome Banding	NCIT:C16437	Chromosome Banding
pgxbs-kftvgibs	pgxcsfs-kftvgibs	pgxind-kftx28ak	NCIT:C16437	Chromosome Banding	NCIT:C16437	Chromosome Banding
pgxbs-kftvgil5	pgxcsfs-kftvgil5	pgxind-kftx28lv	NCIT:C16437	Chromosome Banding	NCIT:C16437	Chromosome Banding
pgxbs-kftvgila	pgxcsfs-kftvgila	pgxind-kftx28m1	NCIT:C16437	Chromosome Banding	NCIT:C16437	Chromosome Banding
pgxbs-kftvgilk	pgxcsfs-kftvgilk	pgxind-kftx28md	NCIT:C16437	Chromosome Banding	NCIT:C16437	Chromosome Banding
pgxbs-kftvgi7u	pgxcsfs-kftvgi7u	pgxind-kftx285q	NCIT:C16437	Chromosome Banding	NCIT:C16437	Chromosome Banding
pgxbs-kftvghvi	pgxcsfs-kftvghvi	pgxind-kftx27qp	NCIT:C16437	Chromosome Banding	NCIT:C16437	Chromosome Banding
pgxbs-kftvghvm	pgxcsfs-kftvghvm	pgxind-kftx27qt	NCIT:C16437	Chromosome Banding	NCIT:C16437	Chromosome Banding
pgxbs-kftvghvx	pgxcsfs-kftvghvx	pgxind-kftx27r7	NCIT:C16437	Chromosome Banding	NCIT:C16437	Chromosome Banding
pgxbs-kftvghw2	pgxcsfs-kftvghw2	pgxind-kftx27rd	NCIT:C16437	Chromosome Banding	NCIT:C16437	Chromosome Banding
pgxbs-kftvghw8	pgxcsfs-kftvghw8	pgxind-kftx27rl	NCIT:C16437	Chromosome Banding	NCIT:C16437	Chromosome Banding
pgxbs-kftvghwd	pgxcsfs-kftvghwd	pgxind-kftx27rr	NCIT:C16437	Chromosome Banding	NCIT:C16437	Chromosome Banding
pgxbs-kftvghwf	pgxcsfs-kftvghwf	pgxind-kftx27rt	NCIT:C16437	Chromosome Banding	NCIT:C16437	Chromosome Banding
pgxbs-kftvghwi	pgxcsfs-kftvghwi	pgxind-kftx27rx	NCIT:C16437	Chromosome Banding	NCIT:C16437	Chromosome Banding
pgxbs-kftvghwk	pgxcsfs-kftvghwk	pgxind-kftx27rz	NCIT:C16437	Chromosome Banding	NCIT:C16437	Chromosome Banding
pgxbs-kftvghue	pgxcsfs-kftvghue	pgxind-kftx27pb	NCIT:C16437	Chromosome Banding	NCIT:C16437	Chromosome Banding
pgxbs-kftvghuf	pgxcsfs-kftvghuf	pgxind-kftx27pd	NCIT:C16437	Chromosome Banding	NCIT:C16437	Chromosome Banding
pgxbs-kftvghuh	pgxcsfs-kftvghuh	pgxind-kftx27pf	NCIT:C16437	Chromosome Banding	NCIT:C16437	Chromosome Banding
pgxbs-kftvghui	pgxcsfs-kftvghui	pgxind-kftx27ph	NCIT:C16437	Chromosome Banding	NCIT:C16437	Chromosome Banding
pgxbs-kftvghuk	pgxcsfs-kftvghuk	pgxind-kftx27pj	NCIT:C16437	Chromosome Banding	NCIT:C16437	Chromosome Banding
pgxbs-kftvghum	pgxcsfs-kftvghum	pgxind-kftx27pl	NCIT:C16437	Chromosome Banding	NCIT:C16437	Chromosome Banding
pgxbs-kftvghux	pgxcsfs-kftvghux	pgxind-kftx27pz	NCIT:C16437	Chromosome Banding	NCIT:C16437	Chromosome Banding
pgxbs-kftvghuz	pgxcsfs-kftvghuz	pgxind-kftx27q1	NCIT:C16437	Chromosome Banding	NCIT:C16437	Chromosome Banding
pgxbs-kftvghvb	pgxcsfs-kftvghvb	pgxind-kftx27qf	NCIT:C16437	Chromosome Banding	NCIT:C16437	Chromosome Banding
pgxbs-kftvghve	pgxcsfs-kftvghve	pgxind-kftx27qj	NCIT:C16437	Chromosome Banding	NCIT:C16437	Chromosome Banding
pgxbs-kftvghqi	pgxcsfs-kftvghqi	pgxind-kftx27kk	NCIT:C16437	Chromosome Banding	NCIT:C16437	Chromosome Banding
pgxbs-l08aihqd	pgxcsfs-l08aihqd	pgxind-l08aihqd	NCIT:C16437	Chromosome Banding	NCIT:C16437	Chromosome Banding
pgxbs-kftvghql	pgxcsfs-kftvghql	pgxind-kftx27ko	NCIT:C16437	Chromosome Banding	NCIT:C16437	Chromosome Banding
pgxbs-kftvghr2	pgxcsfs-kftvghr2	pgxind-kftx27l9	NCIT:C16437	Chromosome Banding	NCIT:C16437	Chromosome Banding
pgxbs-kftvgh35	pgxcsfs-kftvgh35	pgxind-kftx26sc	NCIT:C16437	Chromosome Banding	NCIT:C16437	Chromosome Banding
pgxbs-kftvgh48	pgxcsfs-kftvgh48	pgxind-kftx26tn	NCIT:C16437	Chromosome Banding	NCIT:C16437	Chromosome Banding
pgxbs-kftvgh4f	pgxcsfs-kftvgh4f	pgxind-kftx26tv	NCIT:C16437	Chromosome Banding	NCIT:C16437	Chromosome Banding
pgxbs-kftvgh34	pgxcsfs-kftvgh34	pgxind-kftx26sa	NCIT:C16437	Chromosome Banding	NCIT:C16437	Chromosome Banding
pgxbs-kftva6cz	pgxcsfs-kftva6cz	pgxind-kftx26mf	NCIT:C16437	Chromosome Banding	NCIT:C16437	Chromosome Banding
pgxbs-kftva6d2	pgxcsfs-kftva6d2	pgxind-kftx26mj	NCIT:C16437	Chromosome Banding	NCIT:C16437	Chromosome Banding
pgxbs-kftvhd81	pgxcsfs-kftvhd81	pgxind-kftx3aaj	NCIT:C16437	Chromosome Banding	NCIT:C16437	Chromosome Banding
pgxbs-kftvhd89	pgxcsfs-kftvhd89	pgxind-kftx3aat	NCIT:C16437	Chromosome Banding	NCIT:C16437	Chromosome Banding
pgxbs-kftvh5v9	pgxcsfs-kftvh5v9	pgxind-kftx313w	NCIT:C16437	Chromosome Banding	NCIT:C16437	Chromosome Banding
pgxbs-kftvh5vb	pgxcsfs-kftvh5vb	pgxind-kftx313y	NCIT:C16437	Chromosome Banding	NCIT:C16437	Chromosome Banding
pgxbs-kftvh5vc	pgxcsfs-kftvh5vc	pgxind-kftx3140	NCIT:C16437	Chromosome Banding	NCIT:C16437	Chromosome Banding
pgxbs-kftvh5ve	pgxcsfs-kftvh5ve	pgxind-kftx3142	NCIT:C16437	Chromosome Banding	NCIT:C16437	Chromosome Banding
pgxbs-kftvh5vg	pgxcsfs-kftvh5vg	pgxind-kftx3144	NCIT:C16437	Chromosome Banding	NCIT:C16437	Chromosome Banding
pgxbs-kftvh5vh	pgxcsfs-kftvh5vh	pgxind-kftx3146	NCIT:C16437	Chromosome Banding	NCIT:C16437	Chromosome Banding
pgxbs-kftvh5vj	pgxcsfs-kftvh5vj	pgxind-kftx3148	NCIT:C16437	Chromosome Banding	NCIT:C16437	Chromosome Banding
pgxbs-kftvh5vk	pgxcsfs-kftvh5vk	pgxind-kftx314a	NCIT:C16437	Chromosome Banding	NCIT:C16437	Chromosome Banding
pgxbs-l08aiknd	pgxcsfs-l08aiknd	pgxind-l08aiknd	NCIT:C16437	Chromosome Banding	NCIT:C16437	Chromosome Banding
pgxbs-kftvh5vp	pgxcsfs-kftvh5vp	pgxind-kftx314g	NCIT:C16437	Chromosome Banding	NCIT:C16437	Chromosome Banding
pgxbs-kftvh5vs	pgxcsfs-kftvh5vs	pgxind-kftx314k	NCIT:C16437	Chromosome Banding	NCIT:C16437	Chromosome Banding
pgxbs-kftvh5vu	pgxcsfs-kftvh5vu	pgxind-kftx314m	NCIT:C16437	Chromosome Banding	NCIT:C16437	Chromosome Banding
pgxbs-kftvh5vw	pgxcsfs-kftvh5vw	pgxind-kftx314o	NCIT:C16437	Chromosome Banding	NCIT:C16437	Chromosome Banding
pgxbs-kftvgx8l	pgxcsfs-kftvgx8l	pgxind-kftx2qqt	NCIT:C16437	Chromosome Banding	NCIT:C16437	Chromosome Banding
pgxbs-kftvgwgl	pgxcsfs-kftvgwgl	pgxind-kftx2ps2	NCIT:C16437	Chromosome Banding	NCIT:C16437	Chromosome Banding
pgxbs-kftvhej0	pgxcsfs-kftvhej0	pgxind-kftx3bwu	NCIT:C16437	Chromosome Banding	NCIT:C16437	Chromosome Banding
pgxbs-kftvhdz4	pgxcsfs-kftvhdz4	pgxind-kftx3b86	NCIT:C16437	Chromosome Banding	NCIT:C16437	Chromosome Banding
pgxbs-kftvhdz7	pgxcsfs-kftvhdz7	pgxind-kftx3b8a	NCIT:C16437	Chromosome Banding	NCIT:C16437	Chromosome Banding
pgxbs-kftvhc9y	pgxcsfs-kftvhc9y	pgxind-kftx3941	NCIT:C16437	Chromosome Banding	NCIT:C16437	Chromosome Banding
pgxbs-kftvhca1	pgxcsfs-kftvhca1	pgxind-kftx3945	NCIT:C16437	Chromosome Banding	NCIT:C16437	Chromosome Banding
pgxbs-kftvhca6	pgxcsfs-kftvhca6	pgxind-kftx394b	NCIT:C16437	Chromosome Banding	NCIT:C16437	Chromosome Banding
pgxbs-kftvhcaa	pgxcsfs-kftvhcaa	pgxind-kftx394f	NCIT:C16437	Chromosome Banding	NCIT:C16437	Chromosome Banding
pgxbs-kftvhcab	pgxcsfs-kftvhcab	pgxind-kftx394h	NCIT:C16437	Chromosome Banding	NCIT:C16437	Chromosome Banding
pgxbs-kftvhb0p	pgxcsfs-kftvhb0p	pgxind-kftx37js	NCIT:C16437	Chromosome Banding	NCIT:C16437	Chromosome Banding
pgxbs-kftvhb0s	pgxcsfs-kftvhb0s	pgxind-kftx37jw	NCIT:C16437	Chromosome Banding	NCIT:C16437	Chromosome Banding
pgxbs-kftvhb0v	pgxcsfs-kftvhb0v	pgxind-kftx37k0	NCIT:C16437	Chromosome Banding	NCIT:C16437	Chromosome Banding
pgxbs-kftvhaz9	pgxcsfs-kftvhaz9	pgxind-kftx37hy	NCIT:C16437	Chromosome Banding	NCIT:C16437	Chromosome Banding
pgxbs-kftvhazx	pgxcsfs-kftvhazx	pgxind-kftx37it	NCIT:C16437	Chromosome Banding	NCIT:C16437	Chromosome Banding
pgxbs-kftvhb05	pgxcsfs-kftvhb05	pgxind-kftx37j3	NCIT:C16437	Chromosome Banding	NCIT:C16437	Chromosome Banding
pgxbs-kftvhb0a	pgxcsfs-kftvhb0a	pgxind-kftx37j9	NCIT:C16437	Chromosome Banding	NCIT:C16437	Chromosome Banding
pgxbs-kftvhb0f	pgxcsfs-kftvhb0f	pgxind-kftx37jf	NCIT:C16437	Chromosome Banding	NCIT:C16437	Chromosome Banding
pgxbs-kftvhbph	pgxcsfs-kftvhbph	pgxind-kftx38ey	NCIT:C16437	Chromosome Banding	NCIT:C16437	Chromosome Banding
pgxbs-kftvhbpj	pgxcsfs-kftvhbpj	pgxind-kftx38f0	NCIT:C16437	Chromosome Banding	NCIT:C16437	Chromosome Banding
pgxbs-kftvhbpk	pgxcsfs-kftvhbpk	pgxind-kftx38f2	NCIT:C16437	Chromosome Banding	NCIT:C16437	Chromosome Banding
pgxbs-kftvhbpm	pgxcsfs-kftvhbpm	pgxind-kftx38f4	NCIT:C16437	Chromosome Banding	NCIT:C16437	Chromosome Banding
pgxbs-kftvhaeu	pgxcsfs-kftvhaeu	pgxind-kftx36sc	NCIT:C16437	Chromosome Banding	NCIT:C16437	Chromosome Banding
pgxbs-kftvhaew	pgxcsfs-kftvhaew	pgxind-kftx36se	NCIT:C16437	Chromosome Banding	NCIT:C16437	Chromosome Banding
pgxbs-kftvhaey	pgxcsfs-kftvhaey	pgxind-kftx36sg	NCIT:C16437	Chromosome Banding	NCIT:C16437	Chromosome Banding
pgxbs-kftvhaez	pgxcsfs-kftvhaez	pgxind-kftx36si	NCIT:C16437	Chromosome Banding	NCIT:C16437	Chromosome Banding
pgxbs-kftvhaf2	pgxcsfs-kftvhaf2	pgxind-kftx36sm	NCIT:C16437	Chromosome Banding	NCIT:C16437	Chromosome Banding
pgxbs-kftvhaf6	pgxcsfs-kftvhaf6	pgxind-kftx36sq	NCIT:C16437	Chromosome Banding	NCIT:C16437	Chromosome Banding
pgxbs-kftvhaf7	pgxcsfs-kftvhaf7	pgxind-kftx36ss	NCIT:C16437	Chromosome Banding	NCIT:C16437	Chromosome Banding
pgxbs-kftvhaf9	pgxcsfs-kftvhaf9	pgxind-kftx36su	NCIT:C16437	Chromosome Banding	NCIT:C16437	Chromosome Banding
pgxbs-kftvhafa	pgxcsfs-kftvhafa	pgxind-kftx36sx	NCIT:C16437	Chromosome Banding	NCIT:C16437	Chromosome Banding
pgxbs-kftvhafc	pgxcsfs-kftvhafc	pgxind-kftx36sz	NCIT:C16437	Chromosome Banding	NCIT:C16437	Chromosome Banding
pgxbs-kftvhafh	pgxcsfs-kftvhafh	pgxind-kftx36t5	NCIT:C16437	Chromosome Banding	NCIT:C16437	Chromosome Banding
pgxbs-kftvhafj	pgxcsfs-kftvhafj	pgxind-kftx36t7	NCIT:C16437	Chromosome Banding	NCIT:C16437	Chromosome Banding
pgxbs-kftvhafk	pgxcsfs-kftvhafk	pgxind-kftx36t9	NCIT:C16437	Chromosome Banding	NCIT:C16437	Chromosome Banding
pgxbs-kftvhafn	pgxcsfs-kftvhafn	pgxind-kftx36td	NCIT:C16437	Chromosome Banding	NCIT:C16437	Chromosome Banding
pgxbs-kftvhafp	pgxcsfs-kftvhafp	pgxind-kftx36tf	NCIT:C16437	Chromosome Banding	NCIT:C16437	Chromosome Banding
pgxbs-kftvhafr	pgxcsfs-kftvhafr	pgxind-kftx36th	NCIT:C16437	Chromosome Banding	NCIT:C16437	Chromosome Banding
pgxbs-kftvhafs	pgxcsfs-kftvhafs	pgxind-kftx36tj	NCIT:C16437	Chromosome Banding	NCIT:C16437	Chromosome Banding
pgxbs-kftvhafu	pgxcsfs-kftvhafu	pgxind-kftx36tl	NCIT:C16437	Chromosome Banding	NCIT:C16437	Chromosome Banding
pgxbs-kftvhafx	pgxcsfs-kftvhafx	pgxind-kftx36tp	NCIT:C16437	Chromosome Banding	NCIT:C16437	Chromosome Banding
pgxbs-kftvhafz	pgxcsfs-kftvhafz	pgxind-kftx36tr	NCIT:C16437	Chromosome Banding	NCIT:C16437	Chromosome Banding
pgxbs-kftvha0v	pgxcsfs-kftvha0v	pgxind-kftx36au	NCIT:C16437	Chromosome Banding	NCIT:C16437	Chromosome Banding
pgxbs-kftvha12	pgxcsfs-kftvha12	pgxind-kftx36b4	NCIT:C16437	Chromosome Banding	NCIT:C16437	Chromosome Banding
pgxbs-kftvha14	pgxcsfs-kftvha14	pgxind-kftx36b6	NCIT:C16437	Chromosome Banding	NCIT:C16437	Chromosome Banding
pgxbs-kftvha16	pgxcsfs-kftvha16	pgxind-kftx36b8	NCIT:C16437	Chromosome Banding	NCIT:C16437	Chromosome Banding
pgxbs-kftvha18	pgxcsfs-kftvha18	pgxind-kftx36ba	NCIT:C16437	Chromosome Banding	NCIT:C16437	Chromosome Banding
pgxbs-kftvha19	pgxcsfs-kftvha19	pgxind-kftx36bc	NCIT:C16437	Chromosome Banding	NCIT:C16437	Chromosome Banding
pgxbs-kftvha0z	pgxcsfs-kftvha0z	pgxind-kftx36b0	NCIT:C16437	Chromosome Banding	NCIT:C16437	Chromosome Banding
pgxbs-kftvha11	pgxcsfs-kftvha11	pgxind-kftx36b2	NCIT:C16437	Chromosome Banding	NCIT:C16437	Chromosome Banding
pgxbs-kftvh70j	pgxcsfs-kftvh70j	pgxind-kftx32jh	NCIT:C16437	Chromosome Banding	NCIT:C16437	Chromosome Banding
pgxbs-kftvh70l	pgxcsfs-kftvh70l	pgxind-kftx32jj	NCIT:C16437	Chromosome Banding	NCIT:C16437	Chromosome Banding
pgxbs-kftvh70n	pgxcsfs-kftvh70n	pgxind-kftx32jl	NCIT:C16437	Chromosome Banding	NCIT:C16437	Chromosome Banding
pgxbs-kftvh70b	pgxcsfs-kftvh70b	pgxind-kftx32j7	NCIT:C16437	Chromosome Banding	NCIT:C16437	Chromosome Banding
pgxbs-kftvh70d	pgxcsfs-kftvh70d	pgxind-kftx32j9	NCIT:C16437	Chromosome Banding	NCIT:C16437	Chromosome Banding
pgxbs-l08ahvw3	pgxcsfs-l08ahvw3	pgxind-l08ahvw3	NCIT:C16437	Chromosome Banding	NCIT:C16437	Chromosome Banding
pgxbs-l08ahw12	pgxcsfs-l08ahw12	pgxind-l08ahw12	NCIT:C16437	Chromosome Banding	NCIT:C16437	Chromosome Banding
pgxbs-l08ahw2i	pgxcsfs-l08ahw2i	pgxind-l08ahw2i	NCIT:C16437	Chromosome Banding	NCIT:C16437	Chromosome Banding
pgxbs-l08ahwb0	pgxcsfs-l08ahwb0	pgxind-l08ahwb0	NCIT:C16437	Chromosome Banding	NCIT:C16437	Chromosome Banding
pgxbs-l08ahwcr	pgxcsfs-l08ahwcr	pgxind-l08ahwcr	NCIT:C16437	Chromosome Banding	NCIT:C16437	Chromosome Banding
pgxbs-l08ahwdf	pgxcsfs-l08ahwdf	pgxind-l08ahwdf	NCIT:C16437	Chromosome Banding	NCIT:C16437	Chromosome Banding
pgxbs-l08ahwdt	pgxcsfs-l08ahwdt	pgxind-l08ahwdt	NCIT:C16437	Chromosome Banding	NCIT:C16437	Chromosome Banding
pgxbs-kftva641	pgxcsfs-kftva641	pgxind-kftx26bn	NCIT:C16437	Chromosome Banding	NCIT:C16437	Chromosome Banding
pgxbs-l08aimbf	pgxcsfs-l08aimbf	pgxind-l08aimbf	NCIT:C16437	Chromosome Banding	NCIT:C16437	Chromosome Banding
pgxbs-l08aimha	pgxcsfs-l08aimha	pgxind-l08aimha	NCIT:C16437	Chromosome Banding	NCIT:C16437	Chromosome Banding
pgxbs-l08aimho	pgxcsfs-l08aimho	pgxind-l08aimho	NCIT:C16437	Chromosome Banding	NCIT:C16437	Chromosome Banding
pgxbs-l08aimi3	pgxcsfs-l08aimi3	pgxind-l08aimi3	NCIT:C16437	Chromosome Banding	NCIT:C16437	Chromosome Banding
pgxbs-l08ainl6	pgxcsfs-l08ainl6	pgxind-l08ainl6	NCIT:C16437	Chromosome Banding	NCIT:C16437	Chromosome Banding
pgxbs-l08aimmh	pgxcsfs-l08aimmh	pgxind-l08aimmh	NCIT:C16437	Chromosome Banding	NCIT:C16437	Chromosome Banding
pgxbs-kftvhgmf	pgxcsfs-kftvhgmf	pgxind-kftx3e59	NCIT:C16437	Chromosome Banding	NCIT:C16437	Chromosome Banding
pgxbs-kftvhgmi	pgxcsfs-kftvhgmi	pgxind-kftx3e5d	NCIT:C16437	Chromosome Banding	NCIT:C16437	Chromosome Banding
pgxbs-kftvhgms	pgxcsfs-kftvhgms	pgxind-kftx3e5p	NCIT:C16437	Chromosome Banding	NCIT:C16437	Chromosome Banding
pgxbs-kftvhgmw	pgxcsfs-kftvhgmw	pgxind-kftx3e5t	NCIT:C16437	Chromosome Banding	NCIT:C16437	Chromosome Banding
pgxbs-kftvhgn1	pgxcsfs-kftvhgn1	pgxind-kftx3e5y	NCIT:C16437	Chromosome Banding	NCIT:C16437	Chromosome Banding
pgxbs-kftvhgn2	pgxcsfs-kftvhgn2	pgxind-kftx3e60	NCIT:C16437	Chromosome Banding	NCIT:C16437	Chromosome Banding
pgxbs-kftvhgn4	pgxcsfs-kftvhgn4	pgxind-kftx3e62	NCIT:C16437	Chromosome Banding	NCIT:C16437	Chromosome Banding
pgxbs-kftvhgn6	pgxcsfs-kftvhgn6	pgxind-kftx3e64	NCIT:C16437	Chromosome Banding	NCIT:C16437	Chromosome Banding
pgxbs-kftvhgn9	pgxcsfs-kftvhgn9	pgxind-kftx3e68	NCIT:C16437	Chromosome Banding	NCIT:C16437	Chromosome Banding
pgxbs-kftvhgnb	pgxcsfs-kftvhgnb	pgxind-kftx3e69	NCIT:C16437	Chromosome Banding	NCIT:C16437	Chromosome Banding
pgxbs-kftvhgnc	pgxcsfs-kftvhgnc	pgxind-kftx3e6b	NCIT:C16437	Chromosome Banding	NCIT:C16437	Chromosome Banding
pgxbs-kftvhgne	pgxcsfs-kftvhgne	pgxind-kftx3e6d	NCIT:C16437	Chromosome Banding	NCIT:C16437	Chromosome Banding
pgxbs-kftvhgng	pgxcsfs-kftvhgng	pgxind-kftx3e6f	NCIT:C16437	Chromosome Banding	NCIT:C16437	Chromosome Banding
pgxbs-kftvhf4a	pgxcsfs-kftvhf4a	pgxind-kftx3cn2	NCIT:C16437	Chromosome Banding	NCIT:C16437	Chromosome Banding
pgxbs-kftvhf4f	pgxcsfs-kftvhf4f	pgxind-kftx3cn9	NCIT:C16437	Chromosome Banding	NCIT:C16437	Chromosome Banding
pgxbs-l08ai09p	pgxcsfs-l08ai09p	pgxind-l08ai09p	NCIT:C16437	Chromosome Banding	NCIT:C16437	Chromosome Banding
pgxbs-kftvhf4d	pgxcsfs-kftvhf4d	pgxind-kftx3cn7	NCIT:C16437	Chromosome Banding	NCIT:C16437	Chromosome Banding
pgxbs-kftvhf4c	pgxcsfs-kftvhf4c	pgxind-kftx3cn4	NCIT:C16437	Chromosome Banding	NCIT:C16437	Chromosome Banding
pgxbs-kftvh6i0	pgxcsfs-kftvh6i0	pgxind-kftx31wc	NCIT:C16437	Chromosome Banding	NCIT:C16437	Chromosome Banding
pgxbs-kftvh6i5	pgxcsfs-kftvh6i5	pgxind-kftx31wi	NCIT:C16437	Chromosome Banding	NCIT:C16437	Chromosome Banding
pgxbs-kftvh6i8	pgxcsfs-kftvh6i8	pgxind-kftx31wm	NCIT:C16437	Chromosome Banding	NCIT:C16437	Chromosome Banding
pgxbs-kftvh6hh	pgxcsfs-kftvh6hh	pgxind-kftx31vo	NCIT:C16437	Chromosome Banding	NCIT:C16437	Chromosome Banding
pgxbs-kftvh2x3	pgxcsfs-kftvh2x3	pgxind-kftx2xf9	NCIT:C16437	Chromosome Banding	NCIT:C16437	Chromosome Banding
pgxbs-kftvgzlv	pgxcsfs-kftvgzlv	pgxind-kftx2tad	NCIT:C16437	Chromosome Banding	NCIT:C16437	Chromosome Banding
pgxbs-kftvgzlz	pgxcsfs-kftvgzlz	pgxind-kftx2taj	NCIT:C16437	Chromosome Banding	NCIT:C16437	Chromosome Banding
pgxbs-kftvgwy7	pgxcsfs-kftvgwy7	pgxind-kftx2qe4	NCIT:C16437	Chromosome Banding	NCIT:C16437	Chromosome Banding
pgxbs-kftvgwy8	pgxcsfs-kftvgwy8	pgxind-kftx2qe6	NCIT:C16437	Chromosome Banding	NCIT:C16437	Chromosome Banding
pgxbs-kftvgwy5	pgxcsfs-kftvgwy5	pgxind-kftx2qe2	NCIT:C16437	Chromosome Banding	NCIT:C16437	Chromosome Banding
pgxbs-kftvgt04	pgxcsfs-kftvgt04	pgxind-kftx2lg9	NCIT:C16437	Chromosome Banding	NCIT:C16437	Chromosome Banding
pgxbs-kftvgt0d	pgxcsfs-kftvgt0d	pgxind-kftx2lgj	NCIT:C16437	Chromosome Banding	NCIT:C16437	Chromosome Banding
pgxbs-kftvgt0e	pgxcsfs-kftvgt0e	pgxind-kftx2lgl	NCIT:C16437	Chromosome Banding	NCIT:C16437	Chromosome Banding
pgxbs-kftvgt0g	pgxcsfs-kftvgt0g	pgxind-kftx2lgn	NCIT:C16437	Chromosome Banding	NCIT:C16437	Chromosome Banding
pgxbs-kftvgt0h	pgxcsfs-kftvgt0h	pgxind-kftx2lgp	NCIT:C16437	Chromosome Banding	NCIT:C16437	Chromosome Banding
pgxbs-kftvgt0j	pgxcsfs-kftvgt0j	pgxind-kftx2lgr	NCIT:C16437	Chromosome Banding	NCIT:C16437	Chromosome Banding
pgxbs-kftvgt0p	pgxcsfs-kftvgt0p	pgxind-kftx2lgz	NCIT:C16437	Chromosome Banding	NCIT:C16437	Chromosome Banding
pgxbs-kftvicjh	pgxcsfs-kftvicjh	pgxind-kftx3zto	NCIT:C16437	Chromosome Banding	NCIT:C16437	Chromosome Banding
pgxbs-kftvicku	pgxcsfs-kftvicku	pgxind-kftx3zvb	NCIT:C16437	Chromosome Banding	NCIT:C16437	Chromosome Banding
pgxbs-kftvickh	pgxcsfs-kftvickh	pgxind-kftx3zuw	NCIT:C16437	Chromosome Banding	NCIT:C16437	Chromosome Banding
pgxbs-kftvickn	pgxcsfs-kftvickn	pgxind-kftx3zv3	NCIT:C16437	Chromosome Banding	NCIT:C16437	Chromosome Banding
pgxbs-kftvicjk	pgxcsfs-kftvicjk	pgxind-kftx3zts	NCIT:C16437	Chromosome Banding	NCIT:C16437	Chromosome Banding
pgxbs-kftvick2	pgxcsfs-kftvick2	pgxind-kftx3zue	NCIT:C16437	Chromosome Banding	NCIT:C16437	Chromosome Banding
pgxbs-kftvick3	pgxcsfs-kftvick3	pgxind-kftx3zug	NCIT:C16437	Chromosome Banding	NCIT:C16437	Chromosome Banding
pgxbs-kftvickf	pgxcsfs-kftvickf	pgxind-kftx3zuu	NCIT:C16437	Chromosome Banding	NCIT:C16437	Chromosome Banding
pgxbs-kftvicjx	pgxcsfs-kftvicjx	pgxind-kftx3zu8	NCIT:C16437	Chromosome Banding	NCIT:C16437	Chromosome Banding
pgxbs-kftvicjs	pgxcsfs-kftvicjs	pgxind-kftx3zu2	NCIT:C16437	Chromosome Banding	NCIT:C16437	Chromosome Banding
pgxbs-kftvicl0	pgxcsfs-kftvicl0	pgxind-kftx3zvj	NCIT:C16437	Chromosome Banding	NCIT:C16437	Chromosome Banding
pgxbs-kftvicjp	pgxcsfs-kftvicjp	pgxind-kftx3zty	NCIT:C16437	Chromosome Banding	NCIT:C16437	Chromosome Banding
pgxbs-kftvicjq	pgxcsfs-kftvicjq	pgxind-kftx3zu0	NCIT:C16437	Chromosome Banding	NCIT:C16437	Chromosome Banding
pgxbs-kftvicjn	pgxcsfs-kftvicjn	pgxind-kftx3ztw	NCIT:C16437	Chromosome Banding	NCIT:C16437	Chromosome Banding
pgxbs-kftvicjt	pgxcsfs-kftvicjt	pgxind-kftx3zu4	NCIT:C16437	Chromosome Banding	NCIT:C16437	Chromosome Banding
pgxbs-kftvicld	pgxcsfs-kftvicld	pgxind-kftx3zvz	NCIT:C16437	Chromosome Banding	NCIT:C16437	Chromosome Banding
pgxbs-kftviclf	pgxcsfs-kftviclf	pgxind-kftx3zw1	NCIT:C16437	Chromosome Banding	NCIT:C16437	Chromosome Banding
pgxbs-kftvickp	pgxcsfs-kftvickp	pgxind-kftx3zv5	NCIT:C16437	Chromosome Banding	NCIT:C16437	Chromosome Banding
pgxbs-kftvickx	pgxcsfs-kftvickx	pgxind-kftx3zvf	NCIT:C16437	Chromosome Banding	NCIT:C16437	Chromosome Banding
pgxbs-kftviclb	pgxcsfs-kftviclb	pgxind-kftx3zvx	NCIT:C16437	Chromosome Banding	NCIT:C16437	Chromosome Banding
pgxbs-kftvicjl	pgxcsfs-kftvicjl	pgxind-kftx3ztu	NCIT:C16437	Chromosome Banding	NCIT:C16437	Chromosome Banding
pgxbs-kftvick5	pgxcsfs-kftvick5	pgxind-kftx3zui	NCIT:C16437	Chromosome Banding	NCIT:C16437	Chromosome Banding
pgxbs-kftvickv	pgxcsfs-kftvickv	pgxind-kftx3zvd	NCIT:C16437	Chromosome Banding	NCIT:C16437	Chromosome Banding
pgxbs-kftvicl8	pgxcsfs-kftvicl8	pgxind-kftx3zvt	NCIT:C16437	Chromosome Banding	NCIT:C16437	Chromosome Banding
pgxbs-kftvick7	pgxcsfs-kftvick7	pgxind-kftx3zuk	NCIT:C16437	Chromosome Banding	NCIT:C16437	Chromosome Banding
pgxbs-kftvickm	pgxcsfs-kftvickm	pgxind-kftx3zv1	NCIT:C16437	Chromosome Banding	NCIT:C16437	Chromosome Banding
pgxbs-kftvicli	pgxcsfs-kftvicli	pgxind-kftx3zw5	NCIT:C16437	Chromosome Banding	NCIT:C16437	Chromosome Banding
pgxbs-kftvicjy	pgxcsfs-kftvicjy	pgxind-kftx3zua	NCIT:C16437	Chromosome Banding	NCIT:C16437	Chromosome Banding
pgxbs-kftvick8	pgxcsfs-kftvick8	pgxind-kftx3zum	NCIT:C16437	Chromosome Banding	NCIT:C16437	Chromosome Banding
pgxbs-kftvicki	pgxcsfs-kftvicki	pgxind-kftx3zux	NCIT:C16437	Chromosome Banding	NCIT:C16437	Chromosome Banding
pgxbs-kftvicl5	pgxcsfs-kftvicl5	pgxind-kftx3zvp	NCIT:C16437	Chromosome Banding	NCIT:C16437	Chromosome Banding
pgxbs-kftvicjf	pgxcsfs-kftvicjf	pgxind-kftx3ztm	NCIT:C16437	Chromosome Banding	NCIT:C16437	Chromosome Banding
pgxbs-kftvickq	pgxcsfs-kftvickq	pgxind-kftx3zv7	NCIT:C16437	Chromosome Banding	NCIT:C16437	Chromosome Banding
pgxbs-kftvicky	pgxcsfs-kftvicky	pgxind-kftx3zvh	NCIT:C16437	Chromosome Banding	NCIT:C16437	Chromosome Banding
pgxbs-kftvicl7	pgxcsfs-kftvicl7	pgxind-kftx3zvr	NCIT:C16437	Chromosome Banding	NCIT:C16437	Chromosome Banding
pgxbs-kftvj06t	pgxcsfs-kftvj06t	pgxind-kftx4s7y	NCIT:C16437	Chromosome Banding	NCIT:C16437	Chromosome Banding
pgxbs-kftvglmm	pgxcsfs-kftvglmm	pgxind-kftx2cb8	NCIT:C16437	Chromosome Banding	NCIT:C16437	Chromosome Banding
pgxbs-kftvgl9w	pgxcsfs-kftvgl9w	pgxind-kftx2bvt	NCIT:C16437	Chromosome Banding	NCIT:C16437	Chromosome Banding
pgxbs-kftvhcty	pgxcsfs-kftvhcty	pgxind-kftx39t0	NCIT:C16437	Chromosome Banding	NCIT:C16437	Chromosome Banding
pgxbs-kftvhcu0	pgxcsfs-kftvhcu0	pgxind-kftx39t2	NCIT:C16437	Chromosome Banding	NCIT:C16437	Chromosome Banding
pgxbs-kftvhcu1	pgxcsfs-kftvhcu1	pgxind-kftx39t4	NCIT:C16437	Chromosome Banding	NCIT:C16437	Chromosome Banding
pgxbs-kftvhcu3	pgxcsfs-kftvhcu3	pgxind-kftx39t6	NCIT:C16437	Chromosome Banding	NCIT:C16437	Chromosome Banding
pgxbs-kftvhcu4	pgxcsfs-kftvhcu4	pgxind-kftx39t8	NCIT:C16437	Chromosome Banding	NCIT:C16437	Chromosome Banding
pgxbs-kftvhcu6	pgxcsfs-kftvhcu6	pgxind-kftx39ta	NCIT:C16437	Chromosome Banding	NCIT:C16437	Chromosome Banding
pgxbs-kftvhcu8	pgxcsfs-kftvhcu8	pgxind-kftx39tc	NCIT:C16437	Chromosome Banding	NCIT:C16437	Chromosome Banding
pgxbs-kftvhcu9	pgxcsfs-kftvhcu9	pgxind-kftx39tf	NCIT:C16437	Chromosome Banding	NCIT:C16437	Chromosome Banding
pgxbs-kftvhcub	pgxcsfs-kftvhcub	pgxind-kftx39th	NCIT:C16437	Chromosome Banding	NCIT:C16437	Chromosome Banding
pgxbs-kftvhcue	pgxcsfs-kftvhcue	pgxind-kftx39tl	NCIT:C16437	Chromosome Banding	NCIT:C16437	Chromosome Banding
pgxbs-kftvhcui	pgxcsfs-kftvhcui	pgxind-kftx39tp	NCIT:C16437	Chromosome Banding	NCIT:C16437	Chromosome Banding
pgxbs-kftvhcuj	pgxcsfs-kftvhcuj	pgxind-kftx39tr	NCIT:C16437	Chromosome Banding	NCIT:C16437	Chromosome Banding
pgxbs-kftvhcul	pgxcsfs-kftvhcul	pgxind-kftx39tt	NCIT:C16437	Chromosome Banding	NCIT:C16437	Chromosome Banding
pgxbs-kftvhcum	pgxcsfs-kftvhcum	pgxind-kftx39tv	NCIT:C16437	Chromosome Banding	NCIT:C16437	Chromosome Banding
pgxbs-kftvhcuo	pgxcsfs-kftvhcuo	pgxind-kftx39tx	NCIT:C16437	Chromosome Banding	NCIT:C16437	Chromosome Banding
pgxbs-kftvhcuq	pgxcsfs-kftvhcuq	pgxind-kftx39tz	NCIT:C16437	Chromosome Banding	NCIT:C16437	Chromosome Banding
pgxbs-kftvhcur	pgxcsfs-kftvhcur	pgxind-kftx39u1	NCIT:C16437	Chromosome Banding	NCIT:C16437	Chromosome Banding
pgxbs-kftvhcut	pgxcsfs-kftvhcut	pgxind-kftx39u3	NCIT:C16437	Chromosome Banding	NCIT:C16437	Chromosome Banding
pgxbs-kftvhcuu	pgxcsfs-kftvhcuu	pgxind-kftx39u5	NCIT:C16437	Chromosome Banding	NCIT:C16437	Chromosome Banding
pgxbs-kftvhcuw	pgxcsfs-kftvhcuw	pgxind-kftx39u7	NCIT:C16437	Chromosome Banding	NCIT:C16437	Chromosome Banding
pgxbs-kftvhcuy	pgxcsfs-kftvhcuy	pgxind-kftx39u9	NCIT:C16437	Chromosome Banding	NCIT:C16437	Chromosome Banding
pgxbs-kftvhcuz	pgxcsfs-kftvhcuz	pgxind-kftx39ub	NCIT:C16437	Chromosome Banding	NCIT:C16437	Chromosome Banding
pgxbs-kftvhcv1	pgxcsfs-kftvhcv1	pgxind-kftx39ud	NCIT:C16437	Chromosome Banding	NCIT:C16437	Chromosome Banding
pgxbs-kftvhcv3	pgxcsfs-kftvhcv3	pgxind-kftx39uf	NCIT:C16437	Chromosome Banding	NCIT:C16437	Chromosome Banding
pgxbs-kftvhcv4	pgxcsfs-kftvhcv4	pgxind-kftx39uh	NCIT:C16437	Chromosome Banding	NCIT:C16437	Chromosome Banding
pgxbs-kftvhcv6	pgxcsfs-kftvhcv6	pgxind-kftx39uj	NCIT:C16437	Chromosome Banding	NCIT:C16437	Chromosome Banding
pgxbs-kftvhcv8	pgxcsfs-kftvhcv8	pgxind-kftx39ul	NCIT:C16437	Chromosome Banding	NCIT:C16437	Chromosome Banding
pgxbs-kftvhc7f	pgxcsfs-kftvhc7f	pgxind-kftx390x	NCIT:C16437	Chromosome Banding	NCIT:C16437	Chromosome Banding
pgxbs-kftvhc7x	pgxcsfs-kftvhc7x	pgxind-kftx391j	NCIT:C16437	Chromosome Banding	NCIT:C16437	Chromosome Banding
pgxbs-kftvhc80	pgxcsfs-kftvhc80	pgxind-kftx391n	NCIT:C16437	Chromosome Banding	NCIT:C16437	Chromosome Banding
pgxbs-kftvhc85	pgxcsfs-kftvhc85	pgxind-kftx391t	NCIT:C16437	Chromosome Banding	NCIT:C16437	Chromosome Banding
pgxbs-kftvhc72	pgxcsfs-kftvhc72	pgxind-kftx390h	NCIT:C16437	Chromosome Banding	NCIT:C16437	Chromosome Banding
pgxbs-kftvhc77	pgxcsfs-kftvhc77	pgxind-kftx390n	NCIT:C16437	Chromosome Banding	NCIT:C16437	Chromosome Banding
pgxbs-kftvhc7d	pgxcsfs-kftvhc7d	pgxind-kftx390v	NCIT:C16437	Chromosome Banding	NCIT:C16437	Chromosome Banding
pgxbs-kftvhc7q	pgxcsfs-kftvhc7q	pgxind-kftx391b	NCIT:C16437	Chromosome Banding	NCIT:C16437	Chromosome Banding
pgxbs-kftvhaz6	pgxcsfs-kftvhaz6	pgxind-kftx37hu	NCIT:C16437	Chromosome Banding	NCIT:C16437	Chromosome Banding
pgxbs-kftvisb4	pgxcsfs-kftvisb4	pgxind-kftx4iv5	NCIT:C16437	Chromosome Banding	NCIT:C16437	Chromosome Banding
pgxbs-kftvisb7	pgxcsfs-kftvisb7	pgxind-kftx4iva	NCIT:C16437	Chromosome Banding	NCIT:C16437	Chromosome Banding
pgxbs-kftvisbc	pgxcsfs-kftvisbc	pgxind-kftx4ivg	NCIT:C16437	Chromosome Banding	NCIT:C16437	Chromosome Banding
pgxbs-kftvisbf	pgxcsfs-kftvisbf	pgxind-kftx4ivk	NCIT:C16437	Chromosome Banding	NCIT:C16437	Chromosome Banding
pgxbs-kftvisbz	pgxcsfs-kftvisbz	pgxind-kftx4iw8	NCIT:C16437	Chromosome Banding	NCIT:C16437	Chromosome Banding
pgxbs-kftviscb	pgxcsfs-kftviscb	pgxind-kftx4iwo	NCIT:C16437	Chromosome Banding	NCIT:C16437	Chromosome Banding
pgxbs-kftviscq	pgxcsfs-kftviscq	pgxind-kftx4ix7	NCIT:C16437	Chromosome Banding	NCIT:C16437	Chromosome Banding
pgxbs-kftviibs	pgxcsfs-kftviibs	pgxind-kftx46wu	NCIT:C16437	Chromosome Banding	NCIT:C16437	Chromosome Banding
pgxbs-kftvgp3v	pgxcsfs-kftvgp3v	pgxind-kftx2gl5	NCIT:C16437	Chromosome Banding	NCIT:C16437	Chromosome Banding
pgxbs-kftvgp3w	pgxcsfs-kftvgp3w	pgxind-kftx2gl7	NCIT:C16437	Chromosome Banding	NCIT:C16437	Chromosome Banding
pgxbs-kftvgp3y	pgxcsfs-kftvgp3y	pgxind-kftx2gl9	NCIT:C16437	Chromosome Banding	NCIT:C16437	Chromosome Banding
pgxbs-kftvglht	pgxcsfs-kftvglht	pgxind-kftx2c5f	NCIT:C16437	Chromosome Banding	NCIT:C16437	Chromosome Banding
pgxbs-kftvglhx	pgxcsfs-kftvglhx	pgxind-kftx2c5j	NCIT:C16437	Chromosome Banding	NCIT:C16437	Chromosome Banding
pgxbs-kftvhepl	pgxcsfs-kftvhepl	pgxind-kftx3c4y	NCIT:C16437	Chromosome Banding	NCIT:C16437	Chromosome Banding
pgxbs-kftvhepo	pgxcsfs-kftvhepo	pgxind-kftx3c52	NCIT:C16437	Chromosome Banding	NCIT:C16437	Chromosome Banding
pgxbs-kftvhepr	pgxcsfs-kftvhepr	pgxind-kftx3c56	NCIT:C16437	Chromosome Banding	NCIT:C16437	Chromosome Banding
pgxbs-kftvhepw	pgxcsfs-kftvhepw	pgxind-kftx3c5c	NCIT:C16437	Chromosome Banding	NCIT:C16437	Chromosome Banding
pgxbs-kftvhepy	pgxcsfs-kftvhepy	pgxind-kftx3c5e	NCIT:C16437	Chromosome Banding	NCIT:C16437	Chromosome Banding
pgxbs-kftvheq3	pgxcsfs-kftvheq3	pgxind-kftx3c5k	NCIT:C16437	Chromosome Banding	NCIT:C16437	Chromosome Banding
pgxbs-kftvheq4	pgxcsfs-kftvheq4	pgxind-kftx3c5m	NCIT:C16437	Chromosome Banding	NCIT:C16437	Chromosome Banding
pgxbs-kftvhej9	pgxcsfs-kftvhej9	pgxind-kftx3bx6	NCIT:C16437	Chromosome Banding	NCIT:C16437	Chromosome Banding
pgxbs-kftvhejd	pgxcsfs-kftvhejd	pgxind-kftx3bxa	NCIT:C16437	Chromosome Banding	NCIT:C16437	Chromosome Banding
pgxbs-kftvheje	pgxcsfs-kftvheje	pgxind-kftx3bxc	NCIT:C16437	Chromosome Banding	NCIT:C16437	Chromosome Banding
pgxbs-kftvhejg	pgxcsfs-kftvhejg	pgxind-kftx3bxe	NCIT:C16437	Chromosome Banding	NCIT:C16437	Chromosome Banding
pgxbs-kftvhejh	pgxcsfs-kftvhejh	pgxind-kftx3bxg	NCIT:C16437	Chromosome Banding	NCIT:C16437	Chromosome Banding
pgxbs-kftvhejj	pgxcsfs-kftvhejj	pgxind-kftx3bxi	NCIT:C16437	Chromosome Banding	NCIT:C16437	Chromosome Banding
pgxbs-kftvhejl	pgxcsfs-kftvhejl	pgxind-kftx3bxk	NCIT:C16437	Chromosome Banding	NCIT:C16437	Chromosome Banding
pgxbs-kftvhejm	pgxcsfs-kftvhejm	pgxind-kftx3bxm	NCIT:C16437	Chromosome Banding	NCIT:C16437	Chromosome Banding
pgxbs-kftvhejo	pgxcsfs-kftvhejo	pgxind-kftx3bxo	NCIT:C16437	Chromosome Banding	NCIT:C16437	Chromosome Banding
pgxbs-kftvhejq	pgxcsfs-kftvhejq	pgxind-kftx3bxq	NCIT:C16437	Chromosome Banding	NCIT:C16437	Chromosome Banding
pgxbs-kftvhejr	pgxcsfs-kftvhejr	pgxind-kftx3bxs	NCIT:C16437	Chromosome Banding	NCIT:C16437	Chromosome Banding
pgxbs-kftvhejt	pgxcsfs-kftvhejt	pgxind-kftx3bxu	NCIT:C16437	Chromosome Banding	NCIT:C16437	Chromosome Banding
pgxbs-kftvhejv	pgxcsfs-kftvhejv	pgxind-kftx3bxw	NCIT:C16437	Chromosome Banding	NCIT:C16437	Chromosome Banding
pgxbs-kftvhejx	pgxcsfs-kftvhejx	pgxind-kftx3bxy	NCIT:C16437	Chromosome Banding	NCIT:C16437	Chromosome Banding
pgxbs-kftvhek2	pgxcsfs-kftvhek2	pgxind-kftx3by4	NCIT:C16437	Chromosome Banding	NCIT:C16437	Chromosome Banding
pgxbs-kftvhc46	pgxcsfs-kftvhc46	pgxind-kftx38x5	NCIT:C16437	Chromosome Banding	NCIT:C16437	Chromosome Banding
pgxbs-kftvgtvu	pgxcsfs-kftvgtvu	pgxind-kftx2mjw	NCIT:C16437	Chromosome Banding	NCIT:C16437	Chromosome Banding
pgxbs-kftvic9j	pgxcsfs-kftvic9j	pgxind-kftx3zhf	NCIT:C16437	Chromosome Banding	NCIT:C16437	Chromosome Banding
pgxbs-kftvic9k	pgxcsfs-kftvic9k	pgxind-kftx3zhh	NCIT:C16437	Chromosome Banding	NCIT:C16437	Chromosome Banding
pgxbs-kftvic9m	pgxcsfs-kftvic9m	pgxind-kftx3zhj	NCIT:C16437	Chromosome Banding	NCIT:C16437	Chromosome Banding
pgxbs-kftvic9r	pgxcsfs-kftvic9r	pgxind-kftx3zhp	NCIT:C16437	Chromosome Banding	NCIT:C16437	Chromosome Banding
pgxbs-kftvic9t	pgxcsfs-kftvic9t	pgxind-kftx3zhr	NCIT:C16437	Chromosome Banding	NCIT:C16437	Chromosome Banding
pgxbs-kftvic9u	pgxcsfs-kftvic9u	pgxind-kftx3zht	NCIT:C16437	Chromosome Banding	NCIT:C16437	Chromosome Banding
pgxbs-kftvgl58	pgxcsfs-kftvgl58	pgxind-kftx2bq2	NCIT:C16437	Chromosome Banding	NCIT:C16437	Chromosome Banding
pgxbs-kftvh0ph	pgxcsfs-kftvh0ph	pgxind-kftx2unq	NCIT:C16437	Chromosome Banding	NCIT:C16437	Chromosome Banding
pgxbs-kftvha24	pgxcsfs-kftvha24	pgxind-kftx36cf	NCIT:C16437	Chromosome Banding	NCIT:C16437	Chromosome Banding
pgxbs-kftvha27	pgxcsfs-kftvha27	pgxind-kftx36cj	NCIT:C16437	Chromosome Banding	NCIT:C16437	Chromosome Banding
pgxbs-kftvgugf	pgxcsfs-kftvgugf	pgxind-kftx2n9u	NCIT:C16437	Chromosome Banding	NCIT:C16437	Chromosome Banding
pgxbs-kftvguj5	pgxcsfs-kftvguj5	pgxind-kftx2nd9	NCIT:C16437	Chromosome Banding	NCIT:C16437	Chromosome Banding
pgxbs-kftvguih	pgxcsfs-kftvguih	pgxind-kftx2ncf	NCIT:C16437	Chromosome Banding	NCIT:C16437	Chromosome Banding
pgxbs-kftvguj3	pgxcsfs-kftvguj3	pgxind-kftx2nd7	NCIT:C16437	Chromosome Banding	NCIT:C16437	Chromosome Banding
pgxbs-kftvheb5	pgxcsfs-kftvheb5	pgxind-kftx3bn1	NCIT:C16437	Chromosome Banding	NCIT:C16437	Chromosome Banding
pgxbs-kftvheb7	pgxcsfs-kftvheb7	pgxind-kftx3bn4	NCIT:C16437	Chromosome Banding	NCIT:C16437	Chromosome Banding
pgxbs-kftvhebf	pgxcsfs-kftvhebf	pgxind-kftx3bnd	NCIT:C16437	Chromosome Banding	NCIT:C16437	Chromosome Banding
pgxbs-kftvhebk	pgxcsfs-kftvhebk	pgxind-kftx3bnj	NCIT:C16437	Chromosome Banding	NCIT:C16437	Chromosome Banding
pgxbs-kftvgzsr	pgxcsfs-kftvgzsr	pgxind-kftx2tiz	NCIT:C16437	Chromosome Banding	NCIT:C16437	Chromosome Banding
pgxbs-kftvgz04	pgxcsfs-kftvgz04	pgxind-kftx2sjp	NCIT:C16437	Chromosome Banding	NCIT:C16437	Chromosome Banding
pgxbs-kftvgz05	pgxcsfs-kftvgz05	pgxind-kftx2sjr	NCIT:C16437	Chromosome Banding	NCIT:C16437	Chromosome Banding
pgxbs-kftvgz07	pgxcsfs-kftvgz07	pgxind-kftx2sjt	NCIT:C16437	Chromosome Banding	NCIT:C16437	Chromosome Banding
pgxbs-kftvgz0a	pgxcsfs-kftvgz0a	pgxind-kftx2sjx	NCIT:C16437	Chromosome Banding	NCIT:C16437	Chromosome Banding
pgxbs-kftvgz0e	pgxcsfs-kftvgz0e	pgxind-kftx2sk1	NCIT:C16437	Chromosome Banding	NCIT:C16437	Chromosome Banding
pgxbs-kftvgsxu	pgxcsfs-kftvgsxu	pgxind-kftx2ldd	NCIT:C16437	Chromosome Banding	NCIT:C16437	Chromosome Banding
pgxbs-kftvgsxy	pgxcsfs-kftvgsxy	pgxind-kftx2ldj	NCIT:C16437	Chromosome Banding	NCIT:C16437	Chromosome Banding
pgxbs-kftvgsy3	pgxcsfs-kftvgsy3	pgxind-kftx2ldp	NCIT:C16437	Chromosome Banding	NCIT:C16437	Chromosome Banding
pgxbs-kftvgsz8	pgxcsfs-kftvgsz8	pgxind-kftx2lf4	NCIT:C16437	Chromosome Banding	NCIT:C16437	Chromosome Banding
pgxbs-kftvgsyj	pgxcsfs-kftvgsyj	pgxind-kftx2lea	NCIT:C16437	Chromosome Banding	NCIT:C16437	Chromosome Banding
pgxbs-kftvihe9	pgxcsfs-kftvihe9	pgxind-kftx45rd	NCIT:C16437	Chromosome Banding	NCIT:C16437	Chromosome Banding
pgxbs-kftvihea	pgxcsfs-kftvihea	pgxind-kftx45rg	NCIT:C16437	Chromosome Banding	NCIT:C16437	Chromosome Banding
pgxbs-kftvihec	pgxcsfs-kftvihec	pgxind-kftx45ri	NCIT:C16437	Chromosome Banding	NCIT:C16437	Chromosome Banding
pgxbs-kftvihed	pgxcsfs-kftvihed	pgxind-kftx45rk	NCIT:C16437	Chromosome Banding	NCIT:C16437	Chromosome Banding
pgxbs-kftvhaep	pgxcsfs-kftvhaep	pgxind-kftx36s6	NCIT:C16437	Chromosome Banding	NCIT:C16437	Chromosome Banding
pgxbs-kftvgoys	pgxcsfs-kftvgoys	pgxind-kftx2gev	NCIT:C16437	Chromosome Banding	NCIT:C16437	Chromosome Banding
pgxbs-kftvgoyv	pgxcsfs-kftvgoyv	pgxind-kftx2gez	NCIT:C16437	Chromosome Banding	NCIT:C16437	Chromosome Banding
pgxbs-kftvgoyy	pgxcsfs-kftvgoyy	pgxind-kftx2gf3	NCIT:C16437	Chromosome Banding	NCIT:C16437	Chromosome Banding
pgxbs-kftvgoz3	pgxcsfs-kftvgoz3	pgxind-kftx2gf9	NCIT:C16437	Chromosome Banding	NCIT:C16437	Chromosome Banding
pgxbs-kftvgoz8	pgxcsfs-kftvgoz8	pgxind-kftx2gff	NCIT:C16437	Chromosome Banding	NCIT:C16437	Chromosome Banding
pgxbs-kftvgoza	pgxcsfs-kftvgoza	pgxind-kftx2gfh	NCIT:C16437	Chromosome Banding	NCIT:C16437	Chromosome Banding
pgxbs-kftvgozd	pgxcsfs-kftvgozd	pgxind-kftx2gfm	NCIT:C16437	Chromosome Banding	NCIT:C16437	Chromosome Banding
pgxbs-kftvgozl	pgxcsfs-kftvgozl	pgxind-kftx2gfw	NCIT:C16437	Chromosome Banding	NCIT:C16437	Chromosome Banding
pgxbs-kftvgozo	pgxcsfs-kftvgozo	pgxind-kftx2gg0	NCIT:C16437	Chromosome Banding	NCIT:C16437	Chromosome Banding
pgxbs-kftvgp0t	pgxcsfs-kftvgp0t	pgxind-kftx2ghc	NCIT:C16437	Chromosome Banding	NCIT:C16437	Chromosome Banding
pgxbs-kftvgozu	pgxcsfs-kftvgozu	pgxind-kftx2gg6	NCIT:C16437	Chromosome Banding	NCIT:C16437	Chromosome Banding
pgxbs-kftvgltg	pgxcsfs-kftvgltg	pgxind-kftx2cjn	NCIT:C16437	Chromosome Banding	NCIT:C16437	Chromosome Banding
pgxbs-kftvglti	pgxcsfs-kftvglti	pgxind-kftx2cjp	NCIT:C16437	Chromosome Banding	NCIT:C16437	Chromosome Banding
pgxbs-kftvgltn	pgxcsfs-kftvgltn	pgxind-kftx2cjv	NCIT:C16437	Chromosome Banding	NCIT:C16437	Chromosome Banding
pgxbs-kftvgltp	pgxcsfs-kftvgltp	pgxind-kftx2cjx	NCIT:C16437	Chromosome Banding	NCIT:C16437	Chromosome Banding
pgxbs-kftvgltt	pgxcsfs-kftvgltt	pgxind-kftx2ck3	NCIT:C16437	Chromosome Banding	NCIT:C16437	Chromosome Banding
pgxbs-kftvgltx	pgxcsfs-kftvgltx	pgxind-kftx2ck6	NCIT:C16437	Chromosome Banding	NCIT:C16437	Chromosome Banding
pgxbs-kftvglty	pgxcsfs-kftvglty	pgxind-kftx2ck8	NCIT:C16437	Chromosome Banding	NCIT:C16437	Chromosome Banding
pgxbs-kftvglu0	pgxcsfs-kftvglu0	pgxind-kftx2cka	NCIT:C16437	Chromosome Banding	NCIT:C16437	Chromosome Banding
pgxbs-kftvglu2	pgxcsfs-kftvglu2	pgxind-kftx2ckc	NCIT:C16437	Chromosome Banding	NCIT:C16437	Chromosome Banding
pgxbs-kftvglu3	pgxcsfs-kftvglu3	pgxind-kftx2ckf	NCIT:C16437	Chromosome Banding	NCIT:C16437	Chromosome Banding
pgxbs-kftvgluc	pgxcsfs-kftvgluc	pgxind-kftx2cko	NCIT:C16437	Chromosome Banding	NCIT:C16437	Chromosome Banding
pgxbs-kftvglud	pgxcsfs-kftvglud	pgxind-kftx2ckq	NCIT:C16437	Chromosome Banding	NCIT:C16437	Chromosome Banding
pgxbs-kftvgltl	pgxcsfs-kftvgltl	pgxind-kftx2cjt	NCIT:C16437	Chromosome Banding	NCIT:C16437	Chromosome Banding
pgxbs-kftvgltq	pgxcsfs-kftvgltq	pgxind-kftx2cjz	NCIT:C16437	Chromosome Banding	NCIT:C16437	Chromosome Banding
pgxbs-kftvglts	pgxcsfs-kftvglts	pgxind-kftx2ck1	NCIT:C16437	Chromosome Banding	NCIT:C16437	Chromosome Banding
pgxbs-kftvglu5	pgxcsfs-kftvglu5	pgxind-kftx2ckh	NCIT:C16437	Chromosome Banding	NCIT:C16437	Chromosome Banding
pgxbs-kftvglu7	pgxcsfs-kftvglu7	pgxind-kftx2ckj	NCIT:C16437	Chromosome Banding	NCIT:C16437	Chromosome Banding
pgxbs-kftvglu8	pgxcsfs-kftvglu8	pgxind-kftx2ckl	NCIT:C16437	Chromosome Banding	NCIT:C16437	Chromosome Banding
pgxbs-kftvh2vc	pgxcsfs-kftvh2vc	pgxind-kftx2xd1	NCIT:C16437	Chromosome Banding	NCIT:C16437	Chromosome Banding
pgxbs-kftvh2w0	pgxcsfs-kftvh2w0	pgxind-kftx2xdw	NCIT:C16437	Chromosome Banding	NCIT:C16437	Chromosome Banding
pgxbs-kftvindv	pgxcsfs-kftvindv	pgxind-kftx4cs4	NCIT:C16437	Chromosome Banding	NCIT:C16437	Chromosome Banding
pgxbs-kftvindx	pgxcsfs-kftvindx	pgxind-kftx4cs6	NCIT:C16437	Chromosome Banding	NCIT:C16437	Chromosome Banding
pgxbs-kftvindz	pgxcsfs-kftvindz	pgxind-kftx4cs8	NCIT:C16437	Chromosome Banding	NCIT:C16437	Chromosome Banding
pgxbs-kftvine0	pgxcsfs-kftvine0	pgxind-kftx4csa	NCIT:C16437	Chromosome Banding	NCIT:C16437	Chromosome Banding
pgxbs-kftvine2	pgxcsfs-kftvine2	pgxind-kftx4csc	NCIT:C16437	Chromosome Banding	NCIT:C16437	Chromosome Banding
pgxbs-kftvined	pgxcsfs-kftvined	pgxind-kftx4csq	NCIT:C16437	Chromosome Banding	NCIT:C16437	Chromosome Banding
pgxbs-kftvgzxc	pgxcsfs-kftvgzxc	pgxind-kftx2toq	NCIT:C16437	Chromosome Banding	NCIT:C16437	Chromosome Banding
pgxbs-kftvh2ew	pgxcsfs-kftvh2ew	pgxind-kftx2wsk	NCIT:C16437	Chromosome Banding	NCIT:C16437	Chromosome Banding
pgxbs-kftvh2f6	pgxcsfs-kftvh2f6	pgxind-kftx2wsw	NCIT:C16437	Chromosome Banding	NCIT:C16437	Chromosome Banding
pgxbs-kftvh2f7	pgxcsfs-kftvh2f7	pgxind-kftx2wsy	NCIT:C16437	Chromosome Banding	NCIT:C16437	Chromosome Banding
pgxbs-kftvh2f2	pgxcsfs-kftvh2f2	pgxind-kftx2wss	NCIT:C16437	Chromosome Banding	NCIT:C16437	Chromosome Banding
pgxbs-kftvh2f4	pgxcsfs-kftvh2f4	pgxind-kftx2wsu	NCIT:C16437	Chromosome Banding	NCIT:C16437	Chromosome Banding
pgxbs-kftvh2ff	pgxcsfs-kftvh2ff	pgxind-kftx2wt8	NCIT:C16437	Chromosome Banding	NCIT:C16437	Chromosome Banding
pgxbs-kftvh2fh	pgxcsfs-kftvh2fh	pgxind-kftx2wta	NCIT:C16437	Chromosome Banding	NCIT:C16437	Chromosome Banding
pgxbs-kftvh2fm	pgxcsfs-kftvh2fm	pgxind-kftx2wtg	NCIT:C16437	Chromosome Banding	NCIT:C16437	Chromosome Banding
pgxbs-kftvh2fo	pgxcsfs-kftvh2fo	pgxind-kftx2wti	NCIT:C16437	Chromosome Banding	NCIT:C16437	Chromosome Banding
pgxbs-kftvh2fs	pgxcsfs-kftvh2fs	pgxind-kftx2wto	NCIT:C16437	Chromosome Banding	NCIT:C16437	Chromosome Banding
pgxbs-kftvh2fr	pgxcsfs-kftvh2fr	pgxind-kftx2wtm	NCIT:C16437	Chromosome Banding	NCIT:C16437	Chromosome Banding
pgxbs-kftvh2eu	pgxcsfs-kftvh2eu	pgxind-kftx2wsi	NCIT:C16437	Chromosome Banding	NCIT:C16437	Chromosome Banding
pgxbs-kftvh2ey	pgxcsfs-kftvh2ey	pgxind-kftx2wsm	NCIT:C16437	Chromosome Banding	NCIT:C16437	Chromosome Banding
pgxbs-kftvh2ez	pgxcsfs-kftvh2ez	pgxind-kftx2wso	NCIT:C16437	Chromosome Banding	NCIT:C16437	Chromosome Banding
pgxbs-kftvh2fb	pgxcsfs-kftvh2fb	pgxind-kftx2wt2	NCIT:C16437	Chromosome Banding	NCIT:C16437	Chromosome Banding
pgxbs-kftvh2fj	pgxcsfs-kftvh2fj	pgxind-kftx2wtc	NCIT:C16437	Chromosome Banding	NCIT:C16437	Chromosome Banding
pgxbs-kftvh2fp	pgxcsfs-kftvh2fp	pgxind-kftx2wtk	NCIT:C16437	Chromosome Banding	NCIT:C16437	Chromosome Banding
pgxbs-kftvh2fu	pgxcsfs-kftvh2fu	pgxind-kftx2wtq	NCIT:C16437	Chromosome Banding	NCIT:C16437	Chromosome Banding
pgxbs-kftvh1te	pgxcsfs-kftvh1te	pgxind-kftx2w1v	NCIT:C16437	Chromosome Banding	NCIT:C16437	Chromosome Banding
pgxbs-kftvh1tf	pgxcsfs-kftvh1tf	pgxind-kftx2w1x	NCIT:C16437	Chromosome Banding	NCIT:C16437	Chromosome Banding
pgxbs-kftvh1ti	pgxcsfs-kftvh1ti	pgxind-kftx2w21	NCIT:C16437	Chromosome Banding	NCIT:C16437	Chromosome Banding
pgxbs-kftvh1tm	pgxcsfs-kftvh1tm	pgxind-kftx2w25	NCIT:C16437	Chromosome Banding	NCIT:C16437	Chromosome Banding
pgxbs-kftvh1tn	pgxcsfs-kftvh1tn	pgxind-kftx2w27	NCIT:C16437	Chromosome Banding	NCIT:C16437	Chromosome Banding
pgxbs-kftvh1tp	pgxcsfs-kftvh1tp	pgxind-kftx2w29	NCIT:C16437	Chromosome Banding	NCIT:C16437	Chromosome Banding
pgxbs-kftvh1tq	pgxcsfs-kftvh1tq	pgxind-kftx2w2b	NCIT:C16437	Chromosome Banding	NCIT:C16437	Chromosome Banding
pgxbs-kftvh1tu	pgxcsfs-kftvh1tu	pgxind-kftx2w2f	NCIT:C16437	Chromosome Banding	NCIT:C16437	Chromosome Banding
pgxbs-kftvgmph	pgxcsfs-kftvgmph	pgxind-kftx2dly	NCIT:C16437	Chromosome Banding	NCIT:C16437	Chromosome Banding
pgxbs-kftvgmpi	pgxcsfs-kftvgmpi	pgxind-kftx2dm0	NCIT:C16437	Chromosome Banding	NCIT:C16437	Chromosome Banding
pgxbs-kftvgmp8	pgxcsfs-kftvgmp8	pgxind-kftx2dlo	NCIT:C16437	Chromosome Banding	NCIT:C16437	Chromosome Banding
pgxbs-kftvgmpa	pgxcsfs-kftvgmpa	pgxind-kftx2dlq	NCIT:C16437	Chromosome Banding	NCIT:C16437	Chromosome Banding
pgxbs-kftvgmpd	pgxcsfs-kftvgmpd	pgxind-kftx2dlu	NCIT:C16437	Chromosome Banding	NCIT:C16437	Chromosome Banding
pgxbs-kftvgmpf	pgxcsfs-kftvgmpf	pgxind-kftx2dlw	NCIT:C16437	Chromosome Banding	NCIT:C16437	Chromosome Banding
pgxbs-kftvgmdn	pgxcsfs-kftvgmdn	pgxind-kftx2d7p	NCIT:C16437	Chromosome Banding	NCIT:C16437	Chromosome Banding
pgxbs-kftvgmdq	pgxcsfs-kftvgmdq	pgxind-kftx2d7t	NCIT:C16437	Chromosome Banding	NCIT:C16437	Chromosome Banding
pgxbs-kftvgmds	pgxcsfs-kftvgmds	pgxind-kftx2d7v	NCIT:C16437	Chromosome Banding	NCIT:C16437	Chromosome Banding
pgxbs-kftvgmdu	pgxcsfs-kftvgmdu	pgxind-kftx2d7x	NCIT:C16437	Chromosome Banding	NCIT:C16437	Chromosome Banding
pgxbs-kftvgmdv	pgxcsfs-kftvgmdv	pgxind-kftx2d7z	NCIT:C16437	Chromosome Banding	NCIT:C16437	Chromosome Banding
pgxbs-kftvgmdx	pgxcsfs-kftvgmdx	pgxind-kftx2d81	NCIT:C16437	Chromosome Banding	NCIT:C16437	Chromosome Banding
pgxbs-kftvgmdz	pgxcsfs-kftvgmdz	pgxind-kftx2d83	NCIT:C16437	Chromosome Banding	NCIT:C16437	Chromosome Banding
pgxbs-kftvgme1	pgxcsfs-kftvgme1	pgxind-kftx2d85	NCIT:C16437	Chromosome Banding	NCIT:C16437	Chromosome Banding
pgxbs-kftvgme2	pgxcsfs-kftvgme2	pgxind-kftx2d87	NCIT:C16437	Chromosome Banding	NCIT:C16437	Chromosome Banding
pgxbs-kftvgme4	pgxcsfs-kftvgme4	pgxind-kftx2d89	NCIT:C16437	Chromosome Banding	NCIT:C16437	Chromosome Banding
pgxbs-kftvgme7	pgxcsfs-kftvgme7	pgxind-kftx2d8d	NCIT:C16437	Chromosome Banding	NCIT:C16437	Chromosome Banding
pgxbs-kftvgme9	pgxcsfs-kftvgme9	pgxind-kftx2d8f	NCIT:C16437	Chromosome Banding	NCIT:C16437	Chromosome Banding
pgxbs-kftvgmea	pgxcsfs-kftvgmea	pgxind-kftx2d8h	NCIT:C16437	Chromosome Banding	NCIT:C16437	Chromosome Banding
pgxbs-kftvgmec	pgxcsfs-kftvgmec	pgxind-kftx2d8j	NCIT:C16437	Chromosome Banding	NCIT:C16437	Chromosome Banding
pgxbs-kftvgmee	pgxcsfs-kftvgmee	pgxind-kftx2d8l	NCIT:C16437	Chromosome Banding	NCIT:C16437	Chromosome Banding
pgxbs-kftvgmej	pgxcsfs-kftvgmej	pgxind-kftx2d8r	NCIT:C16437	Chromosome Banding	NCIT:C16437	Chromosome Banding
pgxbs-kftvgmem	pgxcsfs-kftvgmem	pgxind-kftx2d8v	NCIT:C16437	Chromosome Banding	NCIT:C16437	Chromosome Banding
pgxbs-kftvgmeo	pgxcsfs-kftvgmeo	pgxind-kftx2d8x	NCIT:C16437	Chromosome Banding	NCIT:C16437	Chromosome Banding
pgxbs-kftvgmep	pgxcsfs-kftvgmep	pgxind-kftx2d8z	NCIT:C16437	Chromosome Banding	NCIT:C16437	Chromosome Banding
pgxbs-kftvgmew	pgxcsfs-kftvgmew	pgxind-kftx2d97	NCIT:C16437	Chromosome Banding	NCIT:C16437	Chromosome Banding
pgxbs-kftvgmex	pgxcsfs-kftvgmex	pgxind-kftx2d99	NCIT:C16437	Chromosome Banding	NCIT:C16437	Chromosome Banding
pgxbs-kftvgmez	pgxcsfs-kftvgmez	pgxind-kftx2d9b	NCIT:C16437	Chromosome Banding	NCIT:C16437	Chromosome Banding
pgxbs-kftvgkl8	pgxcsfs-kftvgkl8	pgxind-kftx2b1s	NCIT:C16437	Chromosome Banding	NCIT:C16437	Chromosome Banding
pgxbs-kftvgkla	pgxcsfs-kftvgkla	pgxind-kftx2b1u	NCIT:C16437	Chromosome Banding	NCIT:C16437	Chromosome Banding